<?xml version="1.0" encoding="latin1"?>
<EXTENSION VERSION="17.1">
<LOGICS>
<LOGICITEM NAME="AddAtomsLogic">
	<STATE NAME="AddAtomsLogicState" VERSION="17.1">
	<PROPERTIES>
	<PROPERTY NAME="AnisotropicTemperatureFactor">
	<VALUE>
	<ITEM>0.</ITEM>
	<ITEM>0.</ITEM>
	<ITEM>0.</ITEM>
	<ITEM>0.</ITEM>
	<ITEM>0.</ITEM>
	<ITEM>0.</ITEM>
	</VALUE>
	</PROPERTY>
	<PROPERTY NAME="Coordinate">
	<VALUE>
	<ITEM>0.</ITEM>
	<ITEM>0.5</ITEM>
	<ITEM>0.</ITEM>
	</VALUE>
	</PROPERTY>
	<PROPERTY NAME="Element">
	<VALUE>O</VALUE>
	</PROPERTY>
	<PROPERTY NAME="Name">
	<VALUE>O</VALUE>
	</PROPERTY>
	</PROPERTIES>
	</STATE>
</LOGICITEM>
</LOGICS>
</EXTENSION>
