<?xml version="1.0" encoding="latin1"?>
<EXTENSION VERSION="17.1">
<LOGICS>
<LOGICITEM NAME="BondIncrement">
	<STATE NAME="BondIncrement" VERSION="17.1">
	<PROPERTIES>
	</PROPERTIES>
	</STATE>
</LOGICITEM>
<LOGICITEM NAME="BondOrder">
	<STATE NAME="UFFBondOrder" VERSION="17.1">
	<PROPERTIES>
	</PROPERTIES>
	</STATE>
</LOGICITEM>
<LOGICITEM NAME="ChargeEditor">
	<STATE NAME="SMXCharge.ChargeEditor" VERSION="17.1">
	<PROPERTIES>
	</PROPERTIES>
	</STATE>
</LOGICITEM>
<LOGICITEM NAME="ChargeGasteiger">
	<STATE NAME="SMXCharge.ChargeGasteiger" VERSION="17.1">
	<PROPERTIES>
	</PROPERTIES>
	</STATE>
</LOGICITEM>
<LOGICITEM NAME="ChargeGroups">
	<STATE NAME="Charge Groups" VERSION="17.1">
	<PROPERTIES>
	</PROPERTIES>
	</STATE>
</LOGICITEM>
<LOGICITEM NAME="ChargeQEq">
	<STATE NAME="SMXCharge.ChargeQEq" VERSION="17.1">
	<PROPERTIES>
	</PROPERTIES>
	</STATE>
</LOGICITEM>
<LOGICITEM NAME="ClassicalEnergy">
	<STATE NAME="ClassicalEnergy - Classical Energy Server" VERSION="17.1">
	<PROPERTIES>
	<PROPERTY NAME="CalculationQuality">
	<VALUE>3</VALUE>
	</PROPERTY>
	<PROPERTY NAME="3DPeriodicvdWEwaldSumAccuracy">
	<VALUE>1.e-004</VALUE>
	</PROPERTY>
	<PROPERTY NAME="ComputeEnergySecondDerivatives">
	<VALUE>true</VALUE>
	</PROPERTY>
	<PROPERTY NAME="Hints">
	<VALUE>
	<ITEM>0002</ITEM>
	<ITEM>1001</ITEM>
	</VALUE>
	</PROPERTY>
	<PROPERTY NAME="2DPeriodicElectrostaticEwaldSumAccuracy">
	<VALUE>1.e-004</VALUE>
	</PROPERTY>
	<PROPERTY NAME="3DPeriodicElectrostaticEwaldSumAccuracy">
	<VALUE>1.e-004</VALUE>
	</PROPERTY>
	<PROPERTY NAME="3DPeriodicElectrostaticPPPMAccuracy">
	<VALUE>1.e-004</VALUE>
	</PROPERTY>
	<PROPERTY NAME="NonPeriodicvdWAtomCubicSplineCutOff">
	<VALUE>15.5</VALUE>
	</PROPERTY>
	<PROPERTY NAME="2DPeriodicvdWAtomCubicSplineCutOff">
	<VALUE>15.5</VALUE>
	</PROPERTY>
	<PROPERTY NAME="3DPeriodicvdWAtomCubicSplineCutOff">
	<VALUE>15.5</VALUE>
	</PROPERTY>
	<PROPERTY NAME="NonPeriodicvdWChargeGroupCubicSplineCutOff">
	<VALUE>15.5</VALUE>
	</PROPERTY>
	<PROPERTY NAME="2DPeriodicvdWChargeGroupCubicSplineCutOff">
	<VALUE>15.5</VALUE>
	</PROPERTY>
	<PROPERTY NAME="3DPeriodicvdWChargeGroupCubicSplineCutOff">
	<VALUE>15.5</VALUE>
	</PROPERTY>
	</PROPERTIES>
	</STATE>
</LOGICITEM>
<LOGICITEM NAME="CohesiveEnergyDensity">
	<STATE NAME="CohesiveEnergyDensity" VERSION="17.1">
	<PROPERTIES>
	</PROPERTIES>
	</STATE>
</LOGICITEM>
<LOGICITEM NAME="ConfinedShear">
	<STATE NAME="Dynamics" VERSION="17.1">
	<PROPERTIES>
	</PROPERTIES>
	</STATE>
</LOGICITEM>
<LOGICITEM NAME="Dynamics">
	<STATE NAME="Dynamics" VERSION="17.1">
	<PROPERTIES>
	</PROPERTIES>
	</STATE>
</LOGICITEM>
<LOGICITEM NAME="ForcefieldChooser">
	<STATE NAME="ForciteForcefieldChooser" VERSION="17.1">
	<PROPERTIES>
	<PROPERTY NAME="RecentlyUsedForcefields">
	<VALUE></VALUE>
	</PROPERTY>
	</PROPERTIES>
	</STATE>
</LOGICITEM>
<LOGICITEM NAME="ForcefieldPreparation">
	<STATE NAME="Forcefield preparation" VERSION="17.1">
	<PROPERTIES>
	<PROPERTY NAME="ChargeAssignment">
	<VALUE>1</VALUE>
	</PROPERTY>
	</PROPERTIES>
	</STATE>
</LOGICITEM>
<LOGICITEM NAME="ForciteJobHandler">
</LOGICITEM>
<LOGICITEM NAME="ForciteJobLauncher">
	<STATE NAME="ForciteJobLauncherState" VERSION="17.1">
	<PROPERTIES>
	<PROPERTY NAME="TaskTypeDescription">
	<VALUE>GeomOpt</VALUE>
	</PROPERTY>
	<PROPERTY NAME="LiveUpdateModel">
	<VALUE>true</VALUE>
	</PROPERTY>
	<PROPERTY NAME="MpiNumProcessors">
	<VALUE>8</VALUE>
	</PROPERTY>
	</PROPERTIES>
	</STATE>
</LOGICITEM>
<LOGICITEM NAME="ForciteLogic">
	<STATE NAME="Forcite" VERSION="17.1">
	<PROPERTIES>
	<PROPERTY NAME="Task">
	<VALUE>2</VALUE>
	</PROPERTY>
	<PROPERTY NAME="CalculationQuality">
	<VALUE>3</VALUE>
	</PROPERTY>
	</PROPERTIES>
	</STATE>
</LOGICITEM>
<LOGICITEM NAME="ForciteTrjHelper">
	<STATE NAME="ForciteTrjHelper" VERSION="17.1">
	<PROPERTIES>
	</PROPERTIES>
	</STATE>
</LOGICITEM>
<LOGICITEM NAME="FreeEnergyLogic">
	<STATE NAME="FreeEnergy" VERSION="17.1">
	<PROPERTIES>
	</PROPERTIES>
	</STATE>
</LOGICITEM>
<LOGICITEM NAME="MechanicalProperties">
	<STATE NAME="MechanicalProperties" VERSION="17.1">
	<PROPERTIES>
	</PROPERTIES>
	</STATE>
</LOGICITEM>
<LOGICITEM NAME="Minimizer">
	<STATE NAME="Minimize" VERSION="17.1">
	<PROPERTIES>
	<PROPERTY NAME="uiConvLevel">
	<VALUE>3</VALUE>
	</PROPERTY>
	<PROPERTY NAME="OptimizeCell">
	<VALUE>true</VALUE>
	</PROPERTY>
	<PROPERTY NAME="SmartOptimizationAlgorithm">
	<VALUE>
	<ITEM>2</ITEM>
	<ITEM>5</ITEM>
	<ITEM>4</ITEM>
	</VALUE>
	</PROPERTY>
	<PROPERTY NAME="SmartAtomLimit">
	<VALUE>
	<ITEM>0</ITEM>
	<ITEM>0</ITEM>
	<ITEM>0</ITEM>
	</VALUE>
	</PROPERTY>
	<PROPERTY NAME="SmartAssymetericAtomLimit">
	<VALUE>
	<ITEM>0</ITEM>
	<ITEM>0</ITEM>
	<ITEM>200</ITEM>
	</VALUE>
	</PROPERTY>
	<PROPERTY NAME="SmartExitCriteria">
	<VALUE>
	<ITEM>1000.</ITEM>
	<ITEM>50.</ITEM>
	<ITEM>0.1</ITEM>
	</VALUE>
	</PROPERTY>
	<PROPERTY NAME="udRmsForceCrit">
	<VALUE>1.e-003</VALUE>
	</PROPERTY>
	<PROPERTY NAME="udRmsStressCrit">
	<VALUE>1.e-003</VALUE>
	</PROPERTY>
	<PROPERTY NAME="MaxForce">
	<VALUE>5.e-003</VALUE>
	</PROPERTY>
	<PROPERTY NAME="MaxStress">
	<VALUE>5.e-003</VALUE>
	</PROPERTY>
	<PROPERTY NAME="udRmsShiftCrit">
	<VALUE>1.e-005</VALUE>
	</PROPERTY>
	<PROPERTY NAME="MaxDisplacement">
	<VALUE>5.e-005</VALUE>
	</PROPERTY>
	<PROPERTY NAME="MaxEnergy">
	<VALUE>1.e-004</VALUE>
	</PROPERTY>
	<PROPERTY NAME="ulSelRmsStress">
	<VALUE>true</VALUE>
	</PROPERTY>
	<PROPERTY NAME="UseMaxStress">
	<VALUE>true</VALUE>
	</PROPERTY>
	<PROPERTY NAME="ulSelRmsShift">
	<VALUE>true</VALUE>
	</PROPERTY>
	<PROPERTY NAME="UseMaxDisplacement">
	<VALUE>true</VALUE>
	</PROPERTY>
	</PROPERTIES>
	</STATE>
</LOGICITEM>
<LOGICITEM NAME="OFFAtomTyping">
	<STATE NAME="OFFAtomTyping" VERSION="17.1">
	<PROPERTIES>
	</PROPERTIES>
	</STATE>
</LOGICITEM>
<LOGICITEM NAME="PotentialAtomTyping">
	<STATE NAME="PotentialAtomTyping" VERSION="17.1">
	<PROPERTIES>
	</PROPERTIES>
	</STATE>
</LOGICITEM>
<LOGICITEM NAME="QuenchTrjHelper">
	<STATE NAME="ForciteTrjHelper" VERSION="17.1">
	<PROPERTIES>
	</PROPERTIES>
	</STATE>
</LOGICITEM>
<LOGICITEM NAME="ScriptedConfinedShear">
</LOGICITEM>
<LOGICITEM NAME="ScriptedDynamics">
</LOGICITEM>
<LOGICITEM NAME="ScriptedGeometryOptimization">
</LOGICITEM>
<LOGICITEM NAME="ScriptedShear">
</LOGICITEM>
<LOGICITEM NAME="Shear">
	<STATE NAME="Dynamics" VERSION="17.1">
	<PROPERTIES>
	</PROPERTIES>
	</STATE>
</LOGICITEM>
<LOGICITEM NAME="TrajectoryAnalysis">
	<STATE NAME="TrajAnalysis" VERSION="17.1">
	<PROPERTIES>
	<PROPERTY NAME="Calculation">
	<VALUE>Scattering</VALUE>
	</PROPERTY>
	<PROPERTY NAME="ScatteringPlotType">
	<VALUE>2</VALUE>
	</PROPERTY>
	<PROPERTY NAME="ScatteringMinTwoTheta">
	<VALUE>0.</VALUE>
	</PROPERTY>
	<PROPERTY NAME="ScatteringMaxTwoTheta">
	<VALUE>180.</VALUE>
	</PROPERTY>
	<PROPERTY NAME="ViewInStudyTableProperties">
	<VALUE>
	<ITEM>Time</ITEM>
	<ITEM>Frame step</ITEM>
	<ITEM>Frame number</ITEM>
	<ITEM>Hamiltonian</ITEM>
	<ITEM>Total kinetic energy</ITEM>
	<ITEM>Potential energy components</ITEM>
	<ITEM>Pressure</ITEM>
	<ITEM>Temperature</ITEM>
	<ITEM>Density</ITEM>
	<ITEM>Cell volume</ITEM>
	<ITEM>Cell parameters</ITEM>
	</VALUE>
	</PROPERTY>
	</PROPERTIES>
	</STATE>
</LOGICITEM>
</LOGICS>
</EXTENSION>
