<?xml version="1.0" encoding="latin1"?>
<EXTENSION VERSION="17.1">
<LOGICS>
<LOGICITEM NAME="FindSymmetryLogic">
	<STATE NAME="SymmetryBuilderFindSymmetryState" VERSION="17.1">
	<PROPERTIES>
	<PROPERTY NAME="DiscriminatingPropertyChoices">
	<VALUE>
	<ITEM>true</ITEM>
	<ITEM>false</ITEM>
	<ITEM>false</ITEM>
	<ITEM>false</ITEM>
	<ITEM>true</ITEM>
	<ITEM>false</ITEM>
	<ITEM>false</ITEM>
	<ITEM>false</ITEM>
	<ITEM>false</ITEM>
	<ITEM>false</ITEM>
	<ITEM>false</ITEM>
	<ITEM>false</ITEM>
	<ITEM>false</ITEM>
	</VALUE>
	</PROPERTY>
	</PROPERTIES>
	</STATE>
</LOGICITEM>
<LOGICITEM NAME="MillerPlaneLogic">
	<STATE NAME="SymmetryBuilderMillerPlaneState" VERSION="17.1">
	<PROPERTIES>
	</PROPERTIES>
	</STATE>
</LOGICITEM>
<LOGICITEM NAME="SymmetryBuilderLogic">
	<STATE NAME="SymmetryBuilderLogicState" VERSION="17.1">
	<PROPERTIES>
	<PROPERTY NAME="CrystalSystemFlag">
	<VALUE>7</VALUE>
	</PROPERTY>
	</PROPERTIES>
	</STATE>
</LOGICITEM>
</LOGICS>
</EXTENSION>
