<?xml version="1.0" encoding="latin1"?>
<EXTENSION VERSION="17.1">
<LOGICS>
<LOGICITEM NAME="DisplayStyle">
	<STATE NAME="Viewer3dDisplayStyleState" VERSION="17.1">
	<PROPERTIES>
	</PROPERTIES>
	</STATE>
</LOGICITEM>
<LOGICITEM NAME="Labels">
	<STATE NAME="Viewer3dLabelsState" VERSION="17.1">
	<PROPERTIES>
	<PROPERTY NAME="SelectedProperties">
	<VALUE>
	<ITEM>ElementSymbol</ITEM>
	</VALUE>
	</PROPERTY>
	</PROPERTIES>
	</STATE>
</LOGICITEM>
<LOGICITEM NAME="Lighting">
	<STATE NAME="Viewer3dLightingState" VERSION="17.1">
	<PROPERTIES>
	</PROPERTIES>
	</STATE>
</LOGICITEM>
<LOGICITEM NAME="MovementOptions">
	<STATE NAME="Viewer3dMovementOptionsState" VERSION="17.1">
	<PROPERTIES>
	</PROPERTIES>
	</STATE>
</LOGICITEM>
<LOGICITEM NAME="Options">
	<STATE NAME="Viewer3dOptionsState" VERSION="17.1">
	<PROPERTIES>
	</PROPERTIES>
	</STATE>
</LOGICITEM>
<LOGICITEM NAME="Transform">
	<STATE NAME="Viewer3dTransformState" VERSION="17.1">
	<PROPERTIES>
	<PROPERTY NAME="CameraX">
	<VALUE>14.0741265455645</VALUE>
	</PROPERTY>
	<PROPERTY NAME="CameraY">
	<VALUE>10.44220743835466</VALUE>
	</PROPERTY>
	<PROPERTY NAME="CameraZ">
	<VALUE>23.12056488827031</VALUE>
	</PROPERTY>
	<PROPERTY NAME="ViewX">
	<VALUE>6.050527095794678</VALUE>
	</PROPERTY>
	<PROPERTY NAME="ViewY">
	<VALUE>6.050527095794678</VALUE>
	</PROPERTY>
	<PROPERTY NAME="ViewZ">
	<VALUE>6.050527095794678</VALUE>
	</PROPERTY>
	<PROPERTY NAME="UpX">
	<VALUE>-0.1135955986914548</VALUE>
	</PROPERTY>
	<PROPERTY NAME="UpY">
	<VALUE>0.9737735265462378</VALUE>
	</PROPERTY>
	<PROPERTY NAME="UpZ">
	<VALUE>-0.1971323386855471</VALUE>
	</PROPERTY>
	</PROPERTIES>
	</STATE>
</LOGICITEM>
</LOGICS>
</EXTENSION>
