<?xml version="1.0" encoding="latin1"?>
<EXTENSION VERSION="17.1">
<LOGICS>
<LOGICITEM NAME="DisplayStyle">
	<STATE NAME="Viewer3dDisplayStyleState" VERSION="17.1">
	<PROPERTIES>
	</PROPERTIES>
	</STATE>
</LOGICITEM>
<LOGICITEM NAME="Labels">
	<STATE NAME="Viewer3dLabelsState" VERSION="17.1">
	<PROPERTIES>
	<PROPERTY NAME="SelectedProperties">
	<VALUE>
	<ITEM>ElementSymbol</ITEM>
	</VALUE>
	</PROPERTY>
	</PROPERTIES>
	</STATE>
</LOGICITEM>
<LOGICITEM NAME="Lighting">
	<STATE NAME="Viewer3dLightingState" VERSION="17.1">
	<PROPERTIES>
	</PROPERTIES>
	</STATE>
</LOGICITEM>
<LOGICITEM NAME="MovementOptions">
	<STATE NAME="Viewer3dMovementOptionsState" VERSION="17.1">
	<PROPERTIES>
	</PROPERTIES>
	</STATE>
</LOGICITEM>
<LOGICITEM NAME="Options">
	<STATE NAME="Viewer3dOptionsState" VERSION="17.1">
	<PROPERTIES>
	</PROPERTIES>
	</STATE>
</LOGICITEM>
<LOGICITEM NAME="Transform">
	<STATE NAME="Viewer3dTransformState" VERSION="17.1">
	<PROPERTIES>
	<PROPERTY NAME="CameraX">
	<VALUE>7.692287590911205</VALUE>
	</PROPERTY>
	<PROPERTY NAME="CameraY">
	<VALUE>7.283745648511774</VALUE>
	</PROPERTY>
	<PROPERTY NAME="CameraZ">
	<VALUE>20.50006623698576</VALUE>
	</PROPERTY>
	<PROPERTY NAME="ViewX">
	<VALUE>5.580659866333008</VALUE>
	</PROPERTY>
	<PROPERTY NAME="ViewY">
	<VALUE>5.580659866333008</VALUE>
	</PROPERTY>
	<PROPERTY NAME="ViewZ">
	<VALUE>5.580659866333008</VALUE>
	</PROPERTY>
	<PROPERTY NAME="UpX">
	<VALUE>-0.3941542056523417</VALUE>
	</PROPERTY>
	<PROPERTY NAME="UpY">
	<VALUE>0.9177384678571234</VALUE>
	</PROPERTY>
	<PROPERTY NAME="UpZ">
	<VALUE>-4.897516494950473e-002</VALUE>
	</PROPERTY>
	</PROPERTIES>
	</STATE>
</LOGICITEM>
</LOGICS>
</EXTENSION>
