<?xml version="1.0" encoding="latin1"?>
<EXTENSION VERSION="17.1">
<LOGICS>
<LOGICITEM NAME="DisplayStyle">
	<STATE NAME="Viewer3dDisplayStyleState" VERSION="17.1">
	<PROPERTIES>
	</PROPERTIES>
	</STATE>
</LOGICITEM>
<LOGICITEM NAME="Labels">
	<STATE NAME="Viewer3dLabelsState" VERSION="17.1">
	<PROPERTIES>
	<PROPERTY NAME="SelectedProperties">
	<VALUE>
	<ITEM>ElementSymbol</ITEM>
	</VALUE>
	</PROPERTY>
	</PROPERTIES>
	</STATE>
</LOGICITEM>
<LOGICITEM NAME="Lighting">
	<STATE NAME="Viewer3dLightingState" VERSION="17.1">
	<PROPERTIES>
	</PROPERTIES>
	</STATE>
</LOGICITEM>
<LOGICITEM NAME="MovementOptions">
	<STATE NAME="Viewer3dMovementOptionsState" VERSION="17.1">
	<PROPERTIES>
	</PROPERTIES>
	</STATE>
</LOGICITEM>
<LOGICITEM NAME="Options">
	<STATE NAME="Viewer3dOptionsState" VERSION="17.1">
	<PROPERTIES>
	</PROPERTIES>
	</STATE>
</LOGICITEM>
<LOGICITEM NAME="Transform">
	<STATE NAME="Viewer3dTransformState" VERSION="17.1">
	<PROPERTIES>
	<PROPERTY NAME="CameraX">
	<VALUE>-5.899879739307137</VALUE>
	</PROPERTY>
	<PROPERTY NAME="CameraY">
	<VALUE>8.881992417533974</VALUE>
	</PROPERTY>
	<PROPERTY NAME="CameraZ">
	<VALUE>24.38765644219415</VALUE>
	</PROPERTY>
	<PROPERTY NAME="ViewX">
	<VALUE>5.75937032699585</VALUE>
	</PROPERTY>
	<PROPERTY NAME="ViewY">
	<VALUE>5.75937032699585</VALUE>
	</PROPERTY>
	<PROPERTY NAME="ViewZ">
	<VALUE>5.75937032699585</VALUE>
	</PROPERTY>
	<PROPERTY NAME="UpX">
	<VALUE>-3.283678780999551e-002</VALUE>
	</PROPERTY>
	<PROPERTY NAME="UpY">
	<VALUE>0.9821542027633541</VALUE>
	</PROPERTY>
	<PROPERTY NAME="UpZ">
	<VALUE>-0.1851887344322043</VALUE>
	</PROPERTY>
	</PROPERTIES>
	</STATE>
</LOGICITEM>
</LOGICS>
</EXTENSION>
