<?xml version="1.0" encoding="latin1"?>
<EXTENSION VERSION="17.1">
<LOGICS>
<LOGICITEM NAME="DisplayStyle">
	<STATE NAME="Viewer3dDisplayStyleState" VERSION="17.1">
	<PROPERTIES>
	</PROPERTIES>
	</STATE>
</LOGICITEM>
<LOGICITEM NAME="Labels">
	<STATE NAME="Viewer3dLabelsState" VERSION="17.1">
	<PROPERTIES>
	<PROPERTY NAME="SelectedProperties">
	<VALUE>
	<ITEM>ElementSymbol</ITEM>
	</VALUE>
	</PROPERTY>
	</PROPERTIES>
	</STATE>
</LOGICITEM>
<LOGICITEM NAME="Lighting">
	<STATE NAME="Viewer3dLightingState" VERSION="17.1">
	<PROPERTIES>
	</PROPERTIES>
	</STATE>
</LOGICITEM>
<LOGICITEM NAME="MovementOptions">
	<STATE NAME="Viewer3dMovementOptionsState" VERSION="17.1">
	<PROPERTIES>
	</PROPERTIES>
	</STATE>
</LOGICITEM>
<LOGICITEM NAME="Options">
	<STATE NAME="Viewer3dOptionsState" VERSION="17.1">
	<PROPERTIES>
	</PROPERTIES>
	</STATE>
</LOGICITEM>
<LOGICITEM NAME="Transform">
	<STATE NAME="Viewer3dTransformState" VERSION="17.1">
	<PROPERTIES>
	<PROPERTY NAME="CameraX">
	<VALUE>-12.95274650651408</VALUE>
	</PROPERTY>
	<PROPERTY NAME="CameraY">
	<VALUE>0.2515274250818713</VALUE>
	</PROPERTY>
	<PROPERTY NAME="CameraZ">
	<VALUE>3.21618782398559</VALUE>
	</PROPERTY>
	<PROPERTY NAME="ViewX">
	<VALUE>4.519999980926514</VALUE>
	</PROPERTY>
	<PROPERTY NAME="ViewY">
	<VALUE>4.519999980926514</VALUE>
	</PROPERTY>
	<PROPERTY NAME="ViewZ">
	<VALUE>4.469999980181456</VALUE>
	</PROPERTY>
	<PROPERTY NAME="UpX">
	<VALUE>0.2404740641238289</VALUE>
	</PROPERTY>
	<PROPERTY NAME="UpY">
	<VALUE>-0.843060319333837</VALUE>
	</PROPERTY>
	<PROPERTY NAME="UpZ">
	<VALUE>-0.4810629090342523</VALUE>
	</PROPERTY>
	</PROPERTIES>
	</STATE>
</LOGICITEM>
</LOGICS>
</EXTENSION>
