<?xml version="1.0" encoding="latin1"?>
<EXTENSION VERSION="17.1">
<LOGICS>
<LOGICITEM NAME="DisplayStyle">
	<STATE NAME="Viewer3dDisplayStyleState" VERSION="17.1">
	<PROPERTIES>
	</PROPERTIES>
	</STATE>
</LOGICITEM>
<LOGICITEM NAME="Labels">
	<STATE NAME="Viewer3dLabelsState" VERSION="17.1">
	<PROPERTIES>
	<PROPERTY NAME="SelectedProperties">
	<VALUE>
	<ITEM>ElementSymbol</ITEM>
	</VALUE>
	</PROPERTY>
	</PROPERTIES>
	</STATE>
</LOGICITEM>
<LOGICITEM NAME="Lighting">
	<STATE NAME="Viewer3dLightingState" VERSION="17.1">
	<PROPERTIES>
	</PROPERTIES>
	</STATE>
</LOGICITEM>
<LOGICITEM NAME="MovementOptions">
	<STATE NAME="Viewer3dMovementOptionsState" VERSION="17.1">
	<PROPERTIES>
	</PROPERTIES>
	</STATE>
</LOGICITEM>
<LOGICITEM NAME="Options">
	<STATE NAME="Viewer3dOptionsState" VERSION="17.1">
	<PROPERTIES>
	</PROPERTIES>
	</STATE>
</LOGICITEM>
<LOGICITEM NAME="Transform">
	<STATE NAME="Viewer3dTransformState" VERSION="17.1">
	<PROPERTIES>
	<PROPERTY NAME="CameraX">
	<VALUE>7.762211692156621</VALUE>
	</PROPERTY>
	<PROPERTY NAME="CameraY">
	<VALUE>9.036965519012439</VALUE>
	</PROPERTY>
	<PROPERTY NAME="CameraZ">
	<VALUE>20.31867598864941</VALUE>
	</PROPERTY>
	<PROPERTY NAME="ViewX">
	<VALUE>5.881025314331055</VALUE>
	</PROPERTY>
	<PROPERTY NAME="ViewY">
	<VALUE>5.881025314331055</VALUE>
	</PROPERTY>
	<PROPERTY NAME="ViewZ">
	<VALUE>5.881025314331055</VALUE>
	</PROPERTY>
	<PROPERTY NAME="UpX">
	<VALUE>-5.063747351214627e-002</VALUE>
	</PROPERTY>
	<PROPERTY NAME="UpY">
	<VALUE>0.9770352862804104</VALUE>
	</PROPERTY>
	<PROPERTY NAME="UpZ">
	<VALUE>-0.2069731761346457</VALUE>
	</PROPERTY>
	</PROPERTIES>
	</STATE>
</LOGICITEM>
</LOGICS>
</EXTENSION>
