<?xml version="1.0" encoding="latin1"?>
<EXTENSION VERSION="17.1">
<LOGICS>
<LOGICITEM NAME="DisplayStyle">
	<STATE NAME="Viewer3dDisplayStyleState" VERSION="17.1">
	<PROPERTIES>
	</PROPERTIES>
	</STATE>
</LOGICITEM>
<LOGICITEM NAME="Labels">
	<STATE NAME="Viewer3dLabelsState" VERSION="17.1">
	<PROPERTIES>
	<PROPERTY NAME="SelectedProperties">
	<VALUE>
	<ITEM>ElementSymbol</ITEM>
	</VALUE>
	</PROPERTY>
	</PROPERTIES>
	</STATE>
</LOGICITEM>
<LOGICITEM NAME="Lighting">
	<STATE NAME="Viewer3dLightingState" VERSION="17.1">
	<PROPERTIES>
	</PROPERTIES>
	</STATE>
</LOGICITEM>
<LOGICITEM NAME="MovementOptions">
	<STATE NAME="Viewer3dMovementOptionsState" VERSION="17.1">
	<PROPERTIES>
	</PROPERTIES>
	</STATE>
</LOGICITEM>
<LOGICITEM NAME="Options">
	<STATE NAME="Viewer3dOptionsState" VERSION="17.1">
	<PROPERTIES>
	</PROPERTIES>
	</STATE>
</LOGICITEM>
<LOGICITEM NAME="Transform">
	<STATE NAME="Viewer3dTransformState" VERSION="17.1">
	<PROPERTIES>
	<PROPERTY NAME="CameraX">
	<VALUE>11.53909556716496</VALUE>
	</PROPERTY>
	<PROPERTY NAME="CameraY">
	<VALUE>9.353136420617815</VALUE>
	</PROPERTY>
	<PROPERTY NAME="CameraZ">
	<VALUE>23.43339197537816</VALUE>
	</PROPERTY>
	<PROPERTY NAME="ViewX">
	<VALUE>5.881025314331055</VALUE>
	</PROPERTY>
	<PROPERTY NAME="ViewY">
	<VALUE>5.881025314331055</VALUE>
	</PROPERTY>
	<PROPERTY NAME="ViewZ">
	<VALUE>5.881025314331055</VALUE>
	</PROPERTY>
	<PROPERTY NAME="UpX">
	<VALUE>-8.204622218348748e-002</VALUE>
	</PROPERTY>
	<PROPERTY NAME="UpY">
	<VALUE>0.9823868512345025</VALUE>
	</PROPERTY>
	<PROPERTY NAME="UpZ">
	<VALUE>-0.1678823753315904</VALUE>
	</PROPERTY>
	</PROPERTIES>
	</STATE>
</LOGICITEM>
</LOGICS>
</EXTENSION>
