<?xml version="1.0" encoding="latin1"?>
<EXTENSION VERSION="17.1">
<LOGICS>
<LOGICITEM NAME="DisplayStyle">
	<STATE NAME="Viewer3dDisplayStyleState" VERSION="17.1">
	<PROPERTIES>
	</PROPERTIES>
	</STATE>
</LOGICITEM>
<LOGICITEM NAME="Labels">
	<STATE NAME="Viewer3dLabelsState" VERSION="17.1">
	<PROPERTIES>
	<PROPERTY NAME="SelectedProperties">
	<VALUE>
	<ITEM>ElementSymbol</ITEM>
	</VALUE>
	</PROPERTY>
	</PROPERTIES>
	</STATE>
</LOGICITEM>
<LOGICITEM NAME="Lighting">
	<STATE NAME="Viewer3dLightingState" VERSION="17.1">
	<PROPERTIES>
	</PROPERTIES>
	</STATE>
</LOGICITEM>
<LOGICITEM NAME="MovementOptions">
	<STATE NAME="Viewer3dMovementOptionsState" VERSION="17.1">
	<PROPERTIES>
	</PROPERTIES>
	</STATE>
</LOGICITEM>
<LOGICITEM NAME="Options">
	<STATE NAME="Viewer3dOptionsState" VERSION="17.1">
	<PROPERTIES>
	</PROPERTIES>
	</STATE>
</LOGICITEM>
<LOGICITEM NAME="Transform">
	<STATE NAME="Viewer3dTransformState" VERSION="17.1">
	<PROPERTIES>
	<PROPERTY NAME="CameraX">
	<VALUE>8.577635856928149</VALUE>
	</PROPERTY>
	<PROPERTY NAME="CameraY">
	<VALUE>7.382416869519592</VALUE>
	</PROPERTY>
	<PROPERTY NAME="CameraZ">
	<VALUE>18.33168088198827</VALUE>
	</PROPERTY>
	<PROPERTY NAME="ViewX">
	<VALUE>6.050527095794678</VALUE>
	</PROPERTY>
	<PROPERTY NAME="ViewY">
	<VALUE>6.050527095794678</VALUE>
	</PROPERTY>
	<PROPERTY NAME="ViewZ">
	<VALUE>6.050527095794678</VALUE>
	</PROPERTY>
	<PROPERTY NAME="UpX">
	<VALUE>-5.303551800541062e-002</VALUE>
	</PROPERTY>
	<PROPERTY NAME="UpY">
	<VALUE>0.9938826898325641</VALUE>
	</PROPERTY>
	<PROPERTY NAME="UpZ">
	<VALUE>-9.687328156455052e-002</VALUE>
	</PROPERTY>
	</PROPERTIES>
	</STATE>
</LOGICITEM>
</LOGICS>
</EXTENSION>
